time,temp,conv,temp_curve_time,temp_curve_temp,temp_rand_period,temp_rand_std,temp_noise0,temp_noise1,temp_noise2,temp_noise3
0,131.11571438778333,26.555785719389167,0.0,100.0,10000.0,30.0,23.995376946099565,-0.5011412641696413,5.537941015516957,2.0835376903364384
50,133.27516404882,26.663758202441,7200.0,300.0,4000.0,15.0,23.989011852164623,-0.5700732756752278,5.861198191306744,2.6061383921349686
100,134.9180715854797,26.745903579273985,14400.0,300.0,1000.0,8.0,23.97764008758232,-0.7055164493046493,6.564064433418009,2.304105736006267
150,135.38474438529778,26.769237219264888,,,400.0,2.0,23.957661484214306,-0.9053377593996688,7.691481978896153,0.4742720149203058
200,136.1485921928922,26.80742960964461,,,,,23.935448068339422,-1.1652666502464921,9.19819888626807,-1.3753436670243597
250,138.71782720633405,26.935891360316703,,,,,23.90872146429506,-1.4725042641262824,10.930712840949582,-1.593547279228746
300,142.42275359218556,27.121137679609276,,,,,23.878788360668224,-1.8253876864903305,12.657865463876963,-0.6218458792026262
350,145.48131230745355,27.274065615372677,,,,,23.842313452420377,-2.211745987769696,14.137558253154376,-0.009035632573719199
400,147.18187537776333,27.359093768888165,,,,,23.79583066393587,-2.625877342776997,15.152104933976322,-0.2512939884829756
450,148.27036842375958,27.41351842118798,,,,,23.745946047839837,-3.0548782361487916,15.544023541148398,-0.46472292907983415
500,149.17409671158464,27.458704835579233,,,,,23.691922972177025,-3.489069985048057,15.237547598586659,-0.15519276301990848
550,149.96298168281498,27.49814908414075,,,,,23.627854872720818,-3.9227915861703564,14.274358414623995,0.7057822038627215
600,150.90556540067956,27.54527827003398,,,,,23.556436703482028,-4.344165352764682,12.824488984418785,2.202138398876761
650,151.7576718062401,27.587883590312003,,,,,23.48110722030675,-4.751357217975045,11.177161834890473,3.7952044134623684
700,152.07923637173948,27.603961818586974,,,,,23.399302257262356,-5.1349461294548036,9.692374649721282,4.678061149766205
750,151.581854450825,27.57909272254125,,,,,23.317038793738526,-5.487530163059928,8.714670452886784,4.204342033926282
800,150.2909493997646,27.51454746998823,,,,,23.22560347692595,-5.806703732840793,8.463750112040842,2.186077321416351
850,148.93599893437863,27.446799946718933,,,,,23.129894580750815,-6.092301286461021,8.940601995137119,-0.6533074661593936
900,149.14226730787004,27.457113365393504,,,,,23.0248787982412,-6.338809309145473,9.873934536473275,-2.4177367176989812
950,151.88283249889847,27.594141624944925,,,,,22.914625545859707,-6.548100919161105,10.778025295098008,-1.6506063117870442
1000,155.00204897996224,27.750102448998113,,,,,22.800459205014377,-6.719740828184991,11.11672337992202,0.02682944543308874
1050,155.9171443330814,27.79585721665407,,,,,22.678580698739903,-6.851007319669571,10.519888268609435,0.40301601873501125
1100,155.41668885466154,27.770834442733076,,,,,22.55289163139392,-6.9441673476251005,8.956915997705913,0.29549301763127056
1150,154.77782353761677,27.738891176880838,,,,,22.4214544034798,-6.998384409664265,6.761651760719898,0.6486573386368719
1200,153.28215622968017,27.66410781148401,,,,,22.28380134893792,-7.014122557384672,4.493323447829603,0.1858206569640068
1250,150.99883206181826,27.549941603090915,,,,,22.136326327615247,-6.989148211686608,2.7013415969985846,-1.5719098733312047
1300,149.85055910134102,27.49252795506705,,,,,21.985256344674465,-6.924361636709019,1.7257270137287462,-3.04717373146429
1350,151.44362650482955,27.572181325241477,,,,,21.827942059238644,-6.819929181910244,1.6083103077502812,-2.6726966802491074
1400,155.58524742818858,27.77926237140943,,,,,21.66604172653623,-6.669188536126054,2.140911618673229,-0.44140626978368425
1450,160.34493680248463,28.01724684012423,,,,,21.49915311215837,-6.474499375807588,2.9710562513787835,2.0714490369772736
1500,163.44493565213713,28.172246782606855,,,,,21.323555599852916,-6.231256875492696,3.71194538940792,2.974024871702344
1550,164.2409524882376,28.21204762441188,,,,,21.145577979225337,-5.937326495687181,4.025894838899642,1.9512506102443097
1600,164.4634008610993,28.223170043054964,,,,,20.956225824094574,-5.588949054841845,3.703491802523218,0.9481878448788598
1650,164.9732435050716,28.24866217525358,,,,,20.76427948169631,-5.184080178518173,2.7443795465345833,0.8153313220255485
1700,164.98237457903207,28.249118728951604,,,,,20.568479663771903,-4.725806072181863,1.3871628563429648,0.5303159088768288
1750,165.03718357072282,28.251859178536144,,,,,20.367441386903312,-4.2075466959710806,0.05789848478788093,0.208279283891582
1800,165.69156346892584,28.28457817344629,,,,,20.16038583374268,-3.6268555238582936,-0.7888526662973154,-0.05311417466122903
1850,166.4422860527741,28.322114302638706,,,,,19.9456577794673,-2.989465046734898,-0.854939020042619,-1.0478565488045721
1900,168.18123576348754,28.409061788174377,,,,,19.729753826662964,-2.289869869282339,-0.12116717641510016,-1.9152587952557618
1950,172.0445832078573,28.602229160392866,,,,,19.506609998975684,-1.5349250948070046,1.1610961247992542,-1.254864487777295
2000,176.9232824852771,28.846164124263858,,,,,19.277423303778512,-0.7283530803114928,2.5794557112890377,0.23920099496550395
2050,181.08409164041709,29.054204582020855,,,,,19.042142500662298,0.1270015194153833,3.7339039529618847,1.2365992229330622
2100,183.77997093777935,29.188998546888968,,,,,18.80274288115614,1.024794024009253,4.373653013121895,1.2454476861587431
2150,185.4554140187625,29.272770700938125,,,,,18.558073354054258,1.9597689943729328,4.46236287173318,0.7529865763798971
2200,187.61480609348044,29.38074030467402,,,,,18.308665411212086,2.9236262620080185,4.145989696688816,1.1254136124604286
2250,190.88702962383556,29.54435148119178,,,,,18.053418402870484,3.906120163496439,3.6483411833381396,2.779149874130508
2300,194.59802238963664,29.72990111948183,,,,,17.79406456963717,4.901139029826439,3.13754823983166,4.876381661452484
2350,197.47415924150604,29.8737079620753,,,,,17.532704096250352,5.893536313542459,2.657925468538342,6.112215585397143
2400,198.98121191621067,29.949060595810536,,,,,17.268922344801016,6.878196658311717,2.15728492756053,6.0101413188707475
2450,200.0605101529015,30.003025507645077,,,,,16.99754214819322,7.84206041643284,1.6009120487323056,5.5644399839875724
2500,201.46920485437172,30.07346024271859,,,,,16.723135719963498,8.776127854869571,1.0849993698129492,5.440497465281262
2550,202.82326311427892,30.141163155713947,,,,,16.442463394285866,9.668337127335402,0.8626128830818809,5.016516376242443
2600,203.70864835218728,30.185432417609363,,,,,16.158789011577415,10.51185941246492,1.2181201617105826,3.597657544212127
2650,204.70412737988806,30.235206368994405,,,,,15.869447580190862,11.296794235568937,2.291188309908593,1.6355861431085799
2700,206.68073132345182,30.334036566172593,,,,,15.573866420913719,12.014027062487575,3.9500419530060618,0.1427958870444569
2750,209.45210630774002,30.472605315387,,,,,15.274067434432377,12.658182663273102,5.841893529895752,-0.7109262087500696
2800,212.42227690328644,30.621113845164324,,,,,14.97167326201795,13.217105336586407,7.581820166372685,-1.1260996394683713
2850,215.5136215247732,30.775681076238662,,,,,14.668956418690154,13.696167869181927,8.957954883519802,-0.9761243132853108
2900,218.30329598996224,30.915164799498115,,,,,14.359424535245601,14.086503580441711,9.99920654479654,-0.6973942260771582
2950,220.37719182630846,31.018859591315426,,,,,14.045686697869272,14.388096129938484,10.865593544083946,-0.8666289900276554
3000,222.2740402476807,31.113702012384035,,,,,13.731025557517443,14.600274403211177,11.640834110895172,-1.031427157276464
3050,224.3370752970701,31.216853764853504,,,,,13.413316942442611,14.724650697425187,12.221242857245215,-0.7443574222651134
3100,226.3448574775272,31.31724287387636,,,,,13.09235059994139,14.763938111440687,12.367563035170772,0.009894619863255683
3150,228.35810415657372,31.41790520782869,,,,,12.767394931766825,14.722403153979918,11.897445990033226,1.470860080793762
3200,229.24759525528376,31.462379762764186,,,,,12.436117537584574,14.606557891019126,10.864317598209492,2.451713339581684
3250,227.7269780206175,31.38634890103088,,,,,12.106320509573054,14.425535260215522,9.585107852789774,1.3322366202613678
3300,225.36162652807752,31.268081326403877,,,,,11.773334217118876,14.185800632150027,8.508974080720261,-0.773149068578304
3350,224.78631418463314,31.239315709231658,,,,,11.436636906361908,13.896526334111217,8.004399141904553,-1.6068037533000725
3400,226.56925160735216,31.328462580367606,,,,,11.098344526122121,13.570813550328952,8.182226592613624,-0.7265775061570229
3450,229.07968995453905,31.453984497726953,,,,,10.755015504905781,13.218295605429978,8.842122973482045,0.4309225373879353
3500,230.56518970230732,31.528259485115367,,,,,10.412409015420925,12.848962708088756,9.53193096253588,0.549664794039522
3550,230.62685647535588,31.531342823767794,,,,,10.067646370558768,12.473379983992542,9.70085285631953,-0.22613384662604274
3600,229.88390809687135,31.494195404843566,,,,,9.723242491005275,12.099757150002151,8.88760767641967,-0.8266992205557107
3650,228.24788067277092,31.41239403363855,,,,,9.373694987127731,11.740824575520522,6.902045925306025,-1.157573704072236
3700,225.22647306363586,31.261323653181794,,,,,9.02837440128297,11.402961362556942,3.9152781229767566,-1.8979186009585651
3750,221.68694124178592,31.084347062089297,,,,,8.68293793920483,11.093828552964093,0.4329161999704104,-2.689408117020071
3800,219.3431576681295,30.967157883406475,,,,,8.334303961101948,10.819237165688934,-2.869938441219971,-2.496000572996949
3850,218.61287796751253,30.930643898375628,,,,,7.9887085559156725,10.584454101083125,-5.3713576415640825,-1.533371492366654
3900,218.27170043304966,30.913585021652484,,,,,7.641957442913403,10.393099583101563,-6.693633817543152,-1.403056108755462
3950,218.26590765697776,30.913295382848887,,,,,7.295378061174295,10.243985101621806,-6.773902075412092,-2.2217756526284775
4000,220.3328994291234,31.01664497145617,,,,,6.944004461053304,10.139585241595007,-5.82236553104101,-2.039435853595001
4050,224.56711021724178,31.228355510862087,,,,,6.597428381705211,10.077910068063181,-4.184282230760054,-0.4239460017665432
4100,229.07361640078284,31.453680820039143,,,,,6.255036927931189,10.055393030801199,-2.19849960342294,1.0727971565845023
4150,232.7671333403999,31.63835666702,,,,,5.91341753516035,10.068309376642564,-0.08884468371531451,1.596473334534521
4200,235.8510018933918,31.792550094669593,,,,,5.576960194282571,10.115499821965159,2.0317748579219517,1.4601003525554512
4250,238.62036073783983,31.93101803689199,,,,,5.2445230711676745,10.188134322273438,4.072934551568293,1.0592132372748972
4300,240.91874040082234,32.045937020041116,,,,,4.916159735504751,10.283148823674432,5.8517581222844886,0.42322927491423284
4350,242.84307338384346,32.142153669192176,,,,,4.590935537091114,10.393542883485138,7.056978403604694,-0.031716773670806
4400,244.58795556151395,32.2293977780757,,,,,4.27212200293449,10.518831948104953,7.340523345340872,0.23425604291141566
4450,245.54526043142488,32.277263021571244,,,,,3.9572251055726353,10.650582821012271,6.4877715711350215,0.8385698225938456
4500,245.11720424965435,32.255860212482716,,,,,3.65149856185189,10.7873145403311,4.552511325650411,1.1258798218209363
4550,243.88517642119385,32.19425882105969,,,,,3.352216131517556,10.930847251614972,1.8733071036182452,1.3399170455541785
4600,243.1003456101753,32.155017280508766,,,,,3.059388092768618,11.074991167245134,-1.0419335224387238,2.2301220948225047
4650,242.62261619674857,32.13113080983743,,,,,2.773145116993859,11.221598344376586,-3.694808248741767,3.156014317453245
4700,240.9486203598639,32.0474310179932,,,,,2.4968005824428747,11.367128817210896,-5.74970244620908,2.2788378508636544
4750,238.43367258793907,31.921683629396952,,,,,2.230797165982256,11.515114787053044,-7.117116141657447,-0.13956766788321515
4800,237.59362681029344,31.879681340514672,,,,,1.9742706148179896,11.668477002190837,-7.957199647265449,-1.4252544927832371
4850,239.01954948404827,31.950977474202414,,,,,1.7297901556424442,11.826228123716422,-8.604122209943403,-0.6545688075894255
4900,240.3448810657226,32.017244053286134,,,,,1.497084877161706,11.991328819859284,-9.445889387267632,0.19124564485812057
4950,239.5173968128158,31.97586984064079,,,,,1.2750907866838084,12.16173430679972,-10.760372608362914,-0.6590556723048586
5000,236.94531405076606,31.8472657025383,,,,,1.0652764757130222,12.343686467477326,-12.5894588517334,-2.76307892957977
5050,234.7018224031609,31.735091120158046,,,,,0.8681471746967482,12.532731992602418,-14.692499704574256,-4.28433483734179
5100,234.32499575173438,31.71624978758672,,,,,0.6836621269616607,12.725985990618701,-16.62353373189253,-4.127785300620095
5150,236.38391184086555,31.81919559204328,,,,,0.5154311806875325,12.924856176103662,-17.89273183567193,-2.219199235809266
5200,240.04599982650097,32.002299991325046,,,,,0.3563100476374359,13.121690459874806,-18.145829518950933,0.2693843934952411
5250,243.51804113961023,32.17590205698051,,,,,0.21548998025559785,13.31381243287127,-17.268806030574304,1.4242114237243555
5300,246.62679577340256,32.33133978867013,,,,,0.08703663056162814,13.494683940088413,-15.39440038043493,1.2172533609652638
5350,250.45391517333925,32.52269575866696,,,,,-0.02765021300509929,13.653923035767365,-12.81819257717974,1.0347238166456034
5400,254.7061212817728,32.73530606408864,,,,,-0.1242318358080654,13.780912718856847,-9.88566757143348,0.9351079701575344
5450,258.19172997476903,32.90958649873845,,,,,-0.20527984841995295,13.867822292763282,-6.907125824779668,0.04742446631649955
5500,261.4447143442171,33.07223571721086,,,,,-0.26911307236045445,13.902359316769166,-4.121420253995238,-0.8448894239741589
5550,265.3121061934299,33.26560530967149,,,,,-0.31855783644438584,13.875575976763535,-1.6857155976682225,-0.7258630158877097
5600,269.00917993904136,33.450458996952065,,,,,-0.3528659176337765,13.77212437739685,0.3274744783782635,-0.29310855465549324
5650,271.7004857259379,33.58502428629689,,,,,-0.3709743562173444,13.584605734143917,1.9546664193129346,-0.4122565157461037
5700,274.33636408951816,33.716818204475906,,,,,-0.3720125610856284,13.303141765874603,3.336984990534786,-0.265083439138969
5750,277.9423645065194,33.89711822532597,,,,,-0.3607454448386775,12.917924943416462,4.659815940685009,1.0031468450344816
5800,281.63702264342953,34.08185113217148,,,,,-0.332590579843302,12.424563382090492,6.050896158968346,2.383042571102963
5850,283.8997658967692,34.19498829483846,,,,,-0.28938973925247247,11.816898088823486,7.473294718414731,2.398962828783514
5900,284.29447917853406,34.214723958926704,,,,,-0.2278243213364628,11.090971729465755,8.693966093047674,0.8484767884681875
5950,283.83890644579304,34.191945322289655,,,,,-0.1525424228500345,10.247459472769116,9.351674086337042,-0.8854624682407947
6000,284.0762902182003,34.203814510910014,,,,,-0.062085107328097355,9.288776521256898,9.095432664775757,-0.9125005271709303
6050,284.24214824906267,34.212107412453136,,,,,0.04115652517088897,8.217664517373763,7.710569748032546,0.21720190292995645
6100,282.24364726057524,34.112182363028765,,,,,0.16142675230954495,7.0401821023347555,5.177468657587255,0.4201253038992189
6150,279.0424760175905,33.95212380087953,,,,,0.2942206166679947,5.7653021788174605,1.646433016497527,0.503186872274177
6200,276.64461226785113,33.832230613392554,,,,,0.4399957232275211,4.402140864911565,-2.6376111347473614,2.2178645922372344
6250,274.00446079175214,33.700223039587605,,,,,0.5991047755962295,2.9626411380025206,-7.387304356682055,4.218908123724354
6300,269.0297829529327,33.45148914764663,,,,,0.7717677299241981,1.4593157987775824,-12.29047050103524,4.08916992526618
6350,262.03323374172936,33.10166168708647,,,,,0.95163354342559,-0.09406124156030238,-16.97926863425503,1.7660411852302156
6400,255.64135993070786,32.782067996535396,,,,,1.1432491144138703,-1.6845692059921422,-21.019167434538776,-0.5759303209528999
6450,251.64136007917608,32.5820680039588,,,,,1.3446780409894856,-3.3008120672656647,-23.958711195143245,-1.610461366071129
6500,250.17138662555612,32.508569331277805,,,,,1.5569298825757123,-4.923763182313484,-25.445366739032643,-1.5719688912290053
6550,251.1142336028626,32.55571168014313,,,,,1.7742613437162875,-6.54659289948038,-25.361039703993708,-0.6968395818239962
6600,253.88657059952575,32.69432852997629,,,,,2.0013046249261106,-8.151606108048963,-23.88996738941796,0.5935061387332534
6650,256.8885591354747,32.844427956773735,,,,,2.237512805451238,-9.732615398687507,-21.46339490847997,1.124834414968785
6700,258.8384442505713,32.94192221252857,,,,,2.472751635438663,-11.275907510811695,-18.60802213075185,0.13851114558509292
6750,260.25644180116285,33.012822090058144,,,,,2.7192593218089836,-12.774626525356613,-15.77188538146721,-1.4163056138222962
6800,262.3775242418611,33.118876212093056,,,,,2.967805926772738,-14.22039910058336,-13.234376893686093,-2.0243945795310587
6850,265.1620753062785,33.258103765313926,,,,,3.2176353727951383,-15.603526814140734,-11.116863169767612,-1.6129478603861274
6900,267.0536925146512,33.35268462573256,,,,,3.472358349267301,-16.923229325083028,-9.449199790439888,-1.7129033857598905
6950,267.79802773992895,33.38990138699645,,,,,3.725723198784811,-18.17553801418993,-8.214237656078387,-2.593475344143018
7000,268.99623158894013,33.44981157944701,,,,,3.980977421916447,-19.35305464808895,-7.343791717925738,-2.732343911406072
7050,270.37774694662244,33.51888734733112,,,,,4.238024219000202,-20.45711121718303,-6.6893557219665505,-2.547143666561487
7100,270.54471541074474,33.52723577053724,,,,,4.496554405808235,-21.481919749135834,-6.040880391432763,-3.6512610767170615
7150,271.1319595972479,33.556597979862396,,,,,4.750602970794006,-22.424448371985356,-5.212997523079015,-4.592308589592836
7200,274.00814102608274,33.70040705130414,,,,,5.004648168338792,-23.282370207101692,-4.156872876998626,-3.5572640581557606
7250,276.3819836829759,33.8190991841488,,,,,5.256216051568555,-24.05435156774179,-3.0244726775924646,-1.7954081232584471
7300,277.81344531514316,33.89067226575716,,,,,5.499480862001939,-24.739224607897746,-2.1216011459500197,-0.8252097930109468
7350,277.80199491219133,33.89009974560957,,,,,5.739424846039963,-25.3360024464932,-1.770883559698814,-0.8305439276566724
7400,276.2190540143221,33.81095270071611,,,,,5.974374509475558,-25.84066148031604,-2.1507166952680388,-1.7639423195693495
7450,273.7537787415771,33.68768893707885,,,,,6.2065028439377885,-26.249187591041668,-3.201326711542276,-3.002209799776757
7500,271.6735210103951,33.583676050519756,,,,,6.4332357708857595,-26.55391214153683,-4.656462253978861,-3.549340364974883
7550,270.7981442142158,33.539907210710794,,,,,6.651720526868564,-26.757432351181286,-6.165002262643812,-2.9311416988276013
7600,271.193968859221,33.55969844296105,,,,,6.867047183352543,-26.856934032506327,-7.440140022363861,-1.3760042692613978
7650,272.27210284434057,33.613605142217025,,,,,7.07239170134548,-26.850053164374906,-8.325550729165508,0.3753150365355442
7700,272.6969399148142,33.63484699574071,,,,,7.271434562151831,-26.731685576714852,-8.774466223925517,0.931657153302755
7750,271.85915398384526,33.59295769919226,,,,,7.463658454880314,-26.504653745216523,-8.775805839779677,-0.32404488603893167
7800,271.3916182105596,33.56958091052798,,,,,7.650629058122355,-26.167914427620122,-8.303506435223838,-1.7875899847188088
7850,273.19666931369767,33.65983346568488,,,,,7.832070819719684,-25.72165248034563,-7.315944377035019,-1.5978046486413469
7900,276.77564628342776,33.83878231417139,,,,,8.000027872424916,-25.17025980369553,-5.8023646908394415,-0.25175709446220784
7950,279.95319615444276,33.99765980772214,,,,,8.164194477677313,-24.51445783359093,-3.8392175467456036,0.14267705710201461
8000,281.93206341832854,34.096603170916424,,,,,8.320141070781784,-23.769985402776467,-1.6230974929928976,-0.9949947566839161
8050,283.87377829220236,34.19368891461012,,,,,8.471288095541677,-22.93845445613584,0.5195390141835756,-2.1785943613870797
8100,286.500712698254,34.3250356349127,,,,,8.616150263350919,-22.02953380227386,2.162306196095919,-2.248209958918962
8150,288.8057801449342,34.44028900724671,,,,,8.752467245859856,-21.056745725859475,2.8718588578462043,-1.7618002329123785
8200,290.01907316872234,34.50095365843612,,,,,8.88549882462435,-20.034253589606585,2.3504168730693675,-1.1825889393648086
8250,290.6778212991576,34.53389106495788,,,,,9.009259834334038,-18.978253426420775,0.5886033507228046,0.05821154052153077
8300,290.714139528417,34.53570697642085,,,,,9.12943724784615,-17.899921106777768,-2.054546548780418,1.5391699361289688
8350,289.66068204860426,34.48303410243021,,,,,9.243543977994443,-16.820329777606368,-4.924116341629171,2.1615841898453927
8400,288.01458692981157,34.40072934649058,,,,,9.351442696048805,-15.757639237761511,-7.285225371427566,1.7060088429518137
8450,286.74545930992764,34.33727296549638,,,,,9.457580095413947,-14.727664017895645,-8.599738028138496,0.6152812605478186
8500,286.48573524752413,34.324286762376204,,,,,9.557904644412297,-13.749839499370598,-8.73044996088893,-0.5918799366286891
8550,287.66156538284224,34.38307826914211,,,,,9.656968276930778,-12.840431630936111,-7.979129453305271,-1.1758418098471484
8600,290.0448934439429,34.50224467219714,,,,,9.753044570866868,-12.014157620903259,-6.9409273063150945,-0.7530661997056406
8650,291.7765469976065,34.588827349880326,,,,,9.846492748637333,-11.284647279860271,-6.253001739154499,-0.5322967320160366
8700,291.49996247471006,34.574998123735504,,,,,9.939276796350386,-10.662589914463254,-6.34524382275854,-1.431480584418525
8750,290.32118860148995,34.5160594300745,,,,,10.02769721993823,-10.157693416961656,-7.289199844881126,-2.2596153566054666
8800,289.785273965019,34.48926369825095,,,,,10.121419116551037,-9.77773833903277,-8.783593182094979,-1.7748136304042377
8850,289.7079646843008,34.48539823421504,,,,,10.212880507569308,-9.523771865952787,-10.252433751302013,-0.7287102060137339
8900,289.14759856208866,34.45737992810443,,,,,10.309001203111542,-9.398817885156674,-11.029246691494544,-0.7333380643716644
8950,289.0095458973387,34.450477294866936,,,,,10.402907844406723,-9.395966238918335,-10.556707179028557,-1.4406885291212024
9000,290.8532560935881,34.5426628046794,,,,,10.500460863614027,-9.514435185184944,-8.575042750833287,-1.557726834007729
9050,294.4611958201124,34.72305979100562,,,,,10.602827087397902,-9.742151340320476,-5.223214969613,-1.1762649573519615
9100,298.6654602805316,34.93327301402658,,,,,10.705499638804671,-10.068881033239412,-1.0002949438978301,-0.9708633811358565
9150,302.42448226030643,35.12122411301532,,,,,10.810466511981957,-10.4822454557595,3.4101906667499358,-1.313929462666028
9200,305.475823759914,35.2737911879957,,,,,10.918341800476998,-10.964075174977268,7.3883979288113455,-1.8668407943970338
9250,307.90609355170017,35.39530467758501,,,,,11.03511647675542,-11.498893727304871,10.582956029243501,-2.213085226993949
9300,309.31544628130223,35.46577231406511,,,,,11.151147481192906,-12.067810840763345,12.954807622509538,-2.7226979816368
9350,310.4666082206181,35.523330411030905,,,,,11.272994693097807,-12.653425525558106,14.668112825364123,-2.8210737722856667
9400,312.51384988427606,35.6256924942138,,,,,11.404155875744571,-13.23534697499868,15.92126812976867,-1.5762271462385007
9450,314.4166432557612,35.72083216278806,,,,,11.535221335849876,-13.79687876090059,16.818334821915023,-0.14003414110308876
9500,315.0916419062644,35.75458209531322,,,,,11.673749936770953,-14.320431830544482,17.34154218924277,0.39678161079513563
9550,314.6691368037259,35.73345684018629,,,,,11.816979915022824,-14.793557666161105,17.39963259029925,0.2460819645649304
9600,313.34376698750833,35.667188349375415,,,,,11.96547649906556,-15.199890403866362,16.89546942257583,-0.31728853026670056
9650,311.93290070160606,35.5966450350803,,,,,12.119670904688038,-15.526571118103517,15.767915642617417,-0.42811472759590075
9700,310.8845683625546,35.54422841812773,,,,,12.277571141909593,-15.770078964603302,14.021888274799846,0.35518791044845033
9750,309.1913738935258,35.45956869467629,,,,,12.443819015795166,-15.92141151247532,11.74151180629134,0.9274545839146693
9800,306.59121390069777,35.329560695034885,,,,,12.610173936257723,-15.97877799735669,9.10609475209354,0.8537232097031447
9850,303.854539575685,35.19272697878425,,,,,12.784709007345477,-15.938622682352777,6.388654492763093,0.6197987579292057
9900,301.3364522688916,35.06682261344458,,,,,12.961837335274446,-15.806504656265787,3.9302486476969976,0.2508709421859232
9950,299.2858403435952,34.96429201717976,,,,,13.142664287432194,-15.585108721663751,2.083088442940624,-0.35480366511380823
10000,298.2829759166322,34.91414879583161,,,,,13.326146331463718,-15.280978668704469,1.1373769772132796,-0.8995687233403824
10050,298.5142112850379,34.925710564251894,,,,,13.510436531271111,-14.902981434019878,1.2466653644090702,-1.3399091766224178
10100,299.95436470288575,34.99771823514429,,,,,13.698007180205519,-14.462619257894076,2.373558863540527,-1.6545820829662632
10150,302.40866437118774,35.120433218559384,,,,,13.889340224363327,-13.97084080825743,4.26925290196676,-1.7790879468848708
10200,305.66065164708255,35.283032582354124,,,,,14.079100724997065,-13.443035977431542,6.5266568297633665,-1.5020699302463907
10250,309.1497304868906,35.45748652434453,,,,,14.273434334447215,-12.890984962726105,8.675328069840928,-0.9080469546714061
10300,311.56054409419716,35.578027204709855,,,,,14.466272554486299,-12.328486700754693,10.292852801581724,-0.870094561116159
10350,312.5351671193182,35.62675835596591,,,,,14.660082505043544,-11.765413473774142,11.097673901147239,-1.457175813098438
10400,312.89708265500377,35.64485413275019,,,,,14.84939689093627,-11.218554467531415,11.013577652860851,-1.7473374212619037
10450,313.2421005943164,35.66210502971582,,,,,15.037543784642532,-10.699020871964985,10.190695802525253,-1.2871181208863367
10500,313.462643431083,35.67313217155415,,,,,15.221840021935902,-10.213916168461038,8.999863466755784,-0.5451438891477038
10550,313.98746278898994,35.6993731394495,,,,,15.405502086014245,-9.772333970969132,7.944648780574253,0.40964589337063273
10600,315.58093765843336,35.77904688292167,,,,,15.581561750751959,-9.383760058403015,7.502747177766442,1.880388788317967
10650,318.3739073583821,35.918695367919106,,,,,15.756685991853017,-9.053416137737473,7.941904347583833,3.7287331566827455
10700,321.5665029001519,36.0783251450076,,,,,15.927069281677323,-8.784808559215403,9.195836032792045,5.22840614489787
10750,323.63223624149083,36.18161181207454,,,,,16.092370468922276,-8.577470327165958,10.87208096875438,5.245255130980047
10800,323.7203942638178,36.18601971319089,,,,,16.25085863603463,-8.438853534940662,12.401388084441276,3.5070010782825642
10850,322.11796209822575,36.10589810491129,,,,,16.399614923722233,-8.365458156928003,13.25188957183513,0.8319157595963761
10900,319.7608523021746,35.98804261510873,,,,,16.54095468109967,-8.35532330078908,13.116627827702073,-1.5414069058380968
10950,317.49436243413317,35.87471812170666,,,,,16.673245076317023,-8.403638232645134,11.98899567236277,-2.764240081901483
11000,315.9652361161754,35.79826180580877,,,,,16.799668822621104,-8.509586773470021,10.122471347705067,-2.447317280680793
11050,315.3098732652518,35.76549366326259,,,,,16.916659295641804,-8.664713951466254,7.910774283207478,-0.85284636213126
11100,314.067740398907,35.70338701994535,,,,,17.023757323215282,-8.869002115808254,5.750275265240113,0.16270992625984015
11150,311.6435534728425,35.58217767364212,,,,,17.118202735293767,-9.114593909762407,3.938172243238861,-0.29822759592773984
11200,309.1200338030008,35.45600169015004,,,,,17.202089832727502,-9.395384809495383,2.630221856572026,-1.3168930768033207
11250,307.0219521667673,35.351097608338364,,,,,17.27420326638356,-9.709248173017563,1.8511665487746516,-2.394169475373338
11300,306.2405237043459,35.31202618521729,,,,,17.339637704704803,-10.05255186595781,1.558355771358044,-2.6049179057591028
11350,307.31567986115226,35.36578399305761,,,,,17.38988143288387,-10.421758034384265,1.6899898277202612,-1.342433365067546
11400,309.2292949996963,35.46146474998481,,,,,17.42978537475535,-10.81449852237741,2.200510632696876,0.41349751462150863
11450,310.84074036828673,35.542037018414334,,,,,17.45628425577698,-11.228766767525961,3.033905629740281,1.579317250295469
11500,310.8954951016057,35.54477475508028,,,,,17.465863979632065,-11.667316770954123,4.067899866503856,1.029048026423943
11550,309.0086474330219,35.4504323716511,,,,,17.467878040135957,-12.127479415257852,5.050306380386197,-1.382057572242327
11600,306.6603864204546,35.33301932102273,,,,,17.45845164017006,-12.608196093195389,5.621945166377047,-3.8118142928971235
11650,304.90658444673704,35.24532922233685,,,,,17.437479660643532,-13.116734441103475,5.42432939588585,-4.838490168688917
11700,303.826883205143,35.19134416025715,,,,,17.40062803330119,-13.651081135984759,4.269824131502734,-4.192487823676104
11750,302.64919382867646,35.13245969143382,,,,,17.35400780905519,-14.217928240367904,2.2656068289013715,-2.7524925689121877
11800,300.1343617594425,35.006718087972125,,,,,17.29296013819362,-14.812915139616997,-0.18112076688190148,-2.1645624722521375
11850,296.3533257571236,34.817666287856184,,,,,17.22032822831017,-15.443521320684912,-2.5116832467285892,-2.911797903773045
11900,292.37658228134717,34.61882911406736,,,,,17.13954833226984,-16.109861347050526,-4.207993534549497,-4.445111169322651
11950,289.9360838418553,34.49680419209277,,,,,17.047110307872487,-16.81594734534186,-4.96378637473349,-5.331292745941811
12000,290.8311305108421,34.541556525542106,,,,,16.94187617238335,-17.56321131368281,-4.758583584558222,-3.7889507633002015
12050,294.4857920721494,34.724289603607474,,,,,16.82730956593405,-18.347389688390287,-3.8264657641769135,-0.16766204121739997
12100,297.89708863920373,34.894854431960184,,,,,16.702408096701767,-19.169363930299813,-2.5504869347512056,2.9145314075529907
12150,299.0012865071431,34.950064325357154,,,,,16.567437506353325,-20.023544470960932,-1.320060858559584,3.777454330310335
12200,297.7506254961474,34.88753127480737,,,,,16.42577689923555,-20.91008628638609,-0.4059455752860126,2.640880458583965
12250,294.7835528052515,34.739177640262575,,,,,16.278898266643246,-21.823029769009565,0.10165131268198946,0.2260329949358083
12300,291.4700168907709,34.57350084453854,,,,,16.123606468713167,-22.752391555785287,0.2646197428338817,-2.1658177649908477
12350,289.1398597170473,34.45699298585237,,,,,15.957781799844891,-23.694891997537727,0.20795605540692996,-3.330986140666844
12400,288.098830183671,34.40494150918355,,,,,15.78904820264569,-24.63859641413398,0.03798461674711984,-3.089606221587818
12450,288.27774636146813,34.41388731807341,,,,,15.615048410753776,-25.573279933983148,-0.1723546169432817,-1.5916674983592205
12500,288.9242142028943,34.44621071014471,,,,,15.42991451154328,-26.489725750484975,-0.34947505343365215,0.3335004952696247
12550,289.04156499318236,34.45207824965912,,,,,15.245668759804195,-27.374414888966328,-0.38783033543380285,1.5581414577783486
12600,288.7495872537131,34.43747936268566,,,,,15.05230314562432,-28.22253989696166,-0.1822092733644478,2.1020332784149263
12650,288.5914408802621,34.429572044013106,,,,,14.85557996972689,-29.01993680066727,0.285462033607051,2.4703356775954175
12700,288.29189202517296,34.41459460125865,,,,,14.654128428620337,-29.751515822712445,0.8758591542017435,2.5134202650633473
12750,287.55838515705256,34.377919257852625,,,,,14.450749407386978,-30.409697302593298,1.2979661705130257,2.219366881745888
12800,286.4343632599908,34.32171816299954,,,,,14.247904869459415,-30.983474439895048,1.2307907883101805,1.9391420421162306
12850,284.6499570525812,34.23249785262906,,,,,14.045478483761007,-31.46630562729117,0.487337094858904,1.583447101252417
12900,282.6235406712458,34.13117703356229,,,,,13.844231641909676,-31.848965693064866,-0.8746309802629457,1.5029057026639592
12950,280.6700402024218,34.03350201012109,,,,,13.639656322318423,-32.12533210034502,-2.5804591611830316,1.7361751416313882
13000,278.0125310958708,33.90062655479354,,,,,13.435234000016122,-32.28796582905156,-4.270552051675694,1.1358149765819348
13050,275.0706364460909,33.753531822304545,,,,,13.231461922386302,-32.33668523470626,-5.656155925484246,-0.16798431610495446
13100,273.7623234166505,33.68811617083252,,,,,13.030654275427233,-32.26986149882366,-6.583812126884917,-0.4146572330681625
13150,274.03628598555775,33.701814299277885,,,,,12.832313001280635,-32.08534735535908,-6.99520821052327,0.28452855015948275
13200,274.28510857351534,33.71425542867577,,,,,12.638183292630245,-31.785891257103795,-6.842830035499051,0.2756465734879831
13250,274.62292559286857,33.731146279643426,,,,,12.444617388022973,-31.37514721419674,-6.07003187549327,-0.37651270546436755
13300,275.6428610298343,33.782143051491715,,,,,12.260366068493296,-30.859493984094943,-4.67639194235207,-1.0816191122119105
13350,277.1928042004406,33.85964021002203,,,,,12.078309357003922,-30.244078707569727,-2.8207116697449384,-1.8207147792487097
13400,279.67563769170084,33.98378188458504,,,,,11.89782759821303,-29.531482480407693,-0.8450687613212173,-1.8456386647832868
13450,282.6366024389014,34.13183012194507,,,,,11.722375941883161,-28.74055662724431,0.8297534821198171,-1.1749703578572936
13500,284.6319795979537,34.23159897989768,,,,,11.55212844820261,-27.87558314378409,1.884091160901316,-0.9286568673661482
13550,285.2534500151212,34.26267250075606,,,,,11.392805102004795,-26.947668147241508,2.2554107817239624,-1.4470977213660594
13600,285.34970921588973,34.26748546079449,,,,,11.239034474120455,-25.96830393987775,2.1557664625403268,-2.0767877808932895
13650,285.69328410116583,34.28466420505829,,,,,11.094186363022251,-24.94972273690286,1.9600276270761734,-2.4112071520297285
13700,286.4736882314436,34.32368441157218,,,,,10.954533808764886,-23.908560996003317,2.011774360566384,-2.5840589418843902
13750,287.9765129039917,34.39882564519959,,,,,10.824958725185605,-22.855260907228466,2.4538287136969177,-2.4470136276623515
13800,290.2850321115352,34.51425160557676,,,,,10.704545632573751,-21.803666742034302,3.148635160976801,-1.7644819399810707
13850,292.8732295057631,34.643661475288155,,,,,10.59104298596591,-20.769942967219446,3.7112583285611778,-0.6591288415445542
13900,294.6688229567804,34.73344114783902,,,,,10.485487495041976,-19.765502737893264,3.6397579573905054,0.3090802422411816
13950,294.77094195629945,34.73854709781497,,,,,10.387782480819897,-18.804740569804014,2.5100184365384175,0.6778816087451794
14000,292.94041520455437,34.64702076022772,,,,,10.30187155187792,-17.898726303573987,0.15901296690436606,0.37825698934609625
14050,289.56449001644637,34.47822450082232,,,,,10.223684187721268,-17.057716648165176,-3.2157161344869425,-0.3857613886227795
14100,286.1414194291661,34.3070709714583,,,,,10.154816138438747,-16.29755576604627,-7.097427030684224,-0.6184139125421103
14150,283.7448516839685,34.18724258419842,,,,,10.093170126356505,-15.626145977066784,-10.82653226229128,0.10435979697004183
14200,282.0793422217898,34.10396711108949,,,,,10.041415300608687,-15.05317319147004,-13.829983017158863,0.9210831298099591
14250,281.0695138667259,34.053475693336296,,,,,10.00439347104809,-14.584761116978807,-15.80750305316354,1.4573845658201974
14300,280.59193768680274,34.02959688434014,,,,,9.972221560600783,-14.226522522575669,-16.802571695927835,1.6488103447055242
14350,280.18202839669044,34.00910141983452,,,,,9.956499879099747,-13.986556484849539,-17.121927139482978,1.3340121419232067
14400,279.8277453099363,33.99138726549681,,,,,9.948781955196493,-13.864890580118306,-17.150636681181446,0.8944906160395558
