model name, concrete_15_0.4-55020.cdb
scale, 1.0
number of nodes, 250935
solver time (s), 4085.8115
processing time (s), 81.5628
total time (s), 4167.3744
time step (s), 10
output step size (s), 100
duration (s), 14400.0
boundary type, convection
Time(s),Conv(W/m2*K),T_input(C),T_avg(C),T_inner(C),T_outer(C)
100.0000,26.7459,134.9181, 131.1233, 131.2383, 131.1157
200.0000,26.8074,136.1486, 131.1408, 131.3957, 131.1157
300.0000,27.1211,142.4228, 131.1722, 131.7019, 131.1157
400.0000,27.3591,147.1819, 131.2289, 132.1723, 131.1158
500.0000,27.4587,149.1741, 131.2988, 132.6009, 131.1160
600.0000,27.5453,150.9056, 131.3744, 132.9847, 131.1165
700.0000,27.6040,152.0792, 131.4543, 133.3410, 131.1178
800.0000,27.5145,150.2909, 131.5307, 133.5735, 131.1203
900.0000,27.4571,149.1423, 131.5952, 133.6796, 131.1246
1000.0000,27.7501,155.0020, 131.6664, 133.9855, 131.1313
1100.0000,27.7708,155.4167, 131.7518, 134.3356, 131.1407
1200.0000,27.6641,153.2822, 131.8318, 134.5205, 131.1530
1300.0000,27.4925,149.8506, 131.8950, 134.5190, 131.1684
1400.0000,27.7793,155.5852, 131.9571, 134.6886, 131.1869
1500.0000,28.1722,163.4449, 132.0508, 135.2268, 131.2084
1600.0000,28.2232,164.4634, 132.1639, 135.7271, 131.2329
1700.0000,28.2491,164.9824, 132.2786, 136.1174, 131.2602
1800.0000,28.2846,165.6916, 132.3914, 136.4420, 131.2903
1900.0000,28.4091,168.1812, 132.5071, 136.8007, 131.3232
2000.0000,28.8462,176.9233, 132.6439, 137.4281, 131.3590
2100.0000,29.1890,183.7800, 132.8172, 138.2909, 131.3981
2200.0000,29.3807,187.6148, 133.0114, 139.1187, 131.4407
2300.0000,29.7299,194.5980, 133.2262, 140.0465, 131.4869
2400.0000,29.9491,198.9812, 133.4656, 141.0332, 131.5372
2500.0000,30.0735,201.4692, 133.7142, 141.9078, 131.5920
2600.0000,30.1854,203.7086, 133.9681, 142.7237, 131.6520
2700.0000,30.3340,206.6807, 134.2254, 143.5015, 131.7181
2800.0000,30.6211,212.4223, 134.4973, 144.4087, 131.7909
2900.0000,30.9152,218.3033, 134.7923, 145.4463, 131.8712
3000.0000,31.1137,222.2740, 135.1059, 146.4913, 131.9594
3100.0000,31.3172,226.3449, 135.4324, 147.5259, 132.0558
3200.0000,31.4624,229.2476, 135.7702, 148.5382, 132.1608
3300.0000,31.2681,225.3616, 136.0976, 149.2269, 132.2747
3400.0000,31.3285,226.5693, 136.4034, 149.7655, 132.3978
3500.0000,31.5283,230.5652, 136.7172, 150.5042, 132.5305
3600.0000,31.4942,229.8839, 137.0336, 151.1508, 132.6730
3700.0000,31.2613,225.2265, 137.3307, 151.5083, 132.8252
3800.0000,30.9672,219.3432, 137.5900, 151.5277, 132.9868
3900.0000,30.9136,218.2717, 137.8246, 151.5474, 133.1573
4000.0000,31.0166,220.3329, 138.0545, 151.7108, 133.3363
4100.0000,31.4537,229.0736, 138.3109, 152.3115, 133.5231
4200.0000,31.7926,235.8510, 138.6087, 153.2063, 133.7165
4300.0000,32.0459,240.9187, 138.9370, 154.1812, 133.9154
4400.0000,32.2294,244.5880, 139.2851, 155.1458, 134.1190
4500.0000,32.2559,245.1172, 139.6415, 155.9921, 134.3265
4600.0000,32.1550,243.1003, 139.9854, 156.5689, 134.5381
4700.0000,32.0474,240.9486, 140.3127, 156.9873, 134.7539
4800.0000,31.8797,237.5936, 140.6149, 157.1804, 134.9747
4900.0000,32.0172,240.3449, 140.9104, 157.5222, 135.2008
5000.0000,31.8473,236.9453, 141.2036, 157.7892, 135.4325
5100.0000,31.7162,234.3250, 141.4729, 157.8446, 135.6697
5200.0000,32.0023,240.0460, 141.7452, 158.1845, 135.9119
5300.0000,32.3313,246.6268, 142.0514, 158.8959, 136.1585
5400.0000,32.7353,254.7061, 142.3958, 159.8757, 136.4090
5500.0000,33.0722,261.4447, 142.7807, 161.0432, 136.6626
5600.0000,33.4505,269.0092, 143.2022, 162.3570, 136.9189
5700.0000,33.7168,274.3364, 143.6555, 163.7115, 137.1778
5800.0000,34.0819,281.6370, 144.1376, 165.1641, 137.4396
5900.0000,34.2147,284.2945, 144.6440, 166.5646, 137.7052
6000.0000,34.2038,284.0763, 145.1448, 167.6509, 137.9756
6100.0000,34.1122,282.2436, 145.6320, 168.5196, 138.2522
6200.0000,33.8322,276.6446, 146.0829, 168.9516, 138.5361
6300.0000,33.4515,269.0298, 146.4891, 169.0447, 138.8284
6400.0000,32.7821,255.6414, 146.8238, 168.5250, 139.1298
6500.0000,32.5086,250.1714, 147.0945, 167.8625, 139.4404
6600.0000,32.6943,253.8866, 147.3560, 167.6410, 139.7599
6700.0000,32.9419,258.8384, 147.6465, 167.8954, 140.0869
6800.0000,33.1189,262.3775, 147.9621, 168.3216, 140.4198
6900.0000,33.3527,267.0537, 148.3046, 168.9498, 140.7562
7000.0000,33.4498,268.9962, 148.6652, 169.5793, 141.0944
7100.0000,33.5272,270.5447, 149.0369, 170.2082, 141.4329
7200.0000,33.7004,274.0081, 149.4153, 170.8479, 141.7711
7300.0000,33.8907,277.8134, 149.8159, 171.6652, 142.1088
7400.0000,33.8110,276.2191, 150.2220, 172.3164, 142.4464
7500.0000,33.5837,271.6735, 150.6039, 172.6035, 142.7842
7600.0000,33.5597,271.1940, 150.9637, 172.8170, 143.1229
7700.0000,33.6348,272.6969, 151.3243, 173.1802, 143.4630
7800.0000,33.5696,271.3916, 151.6824, 173.4833, 143.8050
7900.0000,33.8388,276.7756, 152.0465, 173.9837, 144.1489
8000.0000,34.0966,281.9321, 152.4434, 174.7963, 144.4947
8100.0000,34.3250,286.5007, 152.8651, 175.6933, 144.8422
8200.0000,34.5010,290.0191, 153.3071, 176.7147, 145.1893
8300.0000,34.5357,290.7141, 153.7509, 177.6762, 145.5306
8400.0000,34.4007,288.0146, 154.1857, 178.3143, 145.8730
8500.0000,34.3243,286.4857, 154.5996, 178.7386, 146.2167
8600.0000,34.5022,290.0449, 155.0116, 179.3062, 146.5624
8700.0000,34.5750,291.5000, 155.4383, 180.0054, 146.9107
8800.0000,34.4893,289.7853, 155.8578, 180.4944, 147.2620
8900.0000,34.4574,289.1476, 156.2670, 180.9139, 147.6166
9000.0000,34.5427,290.8533, 156.6708, 181.3557, 147.9744
9100.0000,34.9333,298.6655, 157.0989, 182.1946, 148.3356
9200.0000,35.2738,305.4758, 157.5695, 183.3509, 148.6999
9300.0000,35.4658,309.3154, 158.0701, 184.5414, 149.0672
9400.0000,35.6257,312.5138, 158.5843, 185.6550, 149.4373
9500.0000,35.7546,315.0916, 159.1120, 186.7718, 149.8102
9600.0000,35.6672,313.3438, 159.6354, 187.6355, 150.1864
9700.0000,35.5442,310.8846, 160.1360, 188.2137, 150.5664
9800.0000,35.3296,306.5912, 160.6099, 188.5576, 150.9510
9900.0000,35.0668,301.3365, 161.0468, 188.6184, 151.3407
10000.0000,34.9141,298.2830, 161.4514, 188.5782, 151.7359
10100.0000,34.9977,299.9544, 161.8466, 188.7230, 152.1367
10200.0000,35.2830,305.6607, 162.2613, 189.2476, 152.5427
10300.0000,35.5780,311.5605, 162.7129, 190.1131, 152.9530
10400.0000,35.6449,312.8971, 163.1861, 190.9487, 153.3667
10500.0000,35.6731,313.4626, 163.6618, 191.6612, 153.7827
10600.0000,35.7790,315.5809, 164.1390, 192.3641, 154.2004
10700.0000,36.0783,321.5665, 164.6363, 193.3151, 154.6195
10800.0000,36.1860,323.7204, 165.1587, 194.3448, 155.0400
10900.0000,35.9880,319.7609, 165.6707, 194.9923, 155.4623
11000.0000,35.7983,315.9652, 166.1501, 195.3032, 155.8867
11100.0000,35.7034,314.0677, 166.6068, 195.5485, 156.3135
11200.0000,35.4560,309.1200, 167.0381, 195.5943, 156.7432
11300.0000,35.3120,306.2405, 167.4400, 195.5209, 157.1761
11400.0000,35.4615,309.2293, 167.8389, 195.7060, 157.6121
11500.0000,35.5448,310.8955, 168.2548, 196.1164, 158.0507
11600.0000,35.3330,306.6604, 168.6636, 196.2950, 158.4913
11700.0000,35.1913,303.8269, 169.0485, 196.2914, 158.9330
11800.0000,35.0067,300.1344, 169.4158, 196.2189, 159.3750
11900.0000,34.6188,292.3766, 169.7490, 195.8351, 159.8167
12000.0000,34.5416,290.8311, 170.0494, 195.4178, 160.2575
12100.0000,34.8949,297.8971, 170.3696, 195.5860, 160.6969
12200.0000,34.8875,297.7506, 170.7186, 195.9064, 161.1344
12300.0000,34.5735,291.4700, 171.0517, 195.8407, 161.5690
12400.0000,34.4049,288.0988, 171.3551, 195.5865, 162.0001
12500.0000,34.4462,288.9242, 171.6520, 195.4982, 162.4270
12600.0000,34.4375,288.7496, 171.9546, 195.5289, 162.8495
12700.0000,34.4146,288.2919, 172.2582, 195.5757, 163.2675
12800.0000,34.3217,286.4344, 172.5583, 195.5795, 163.6807
12900.0000,34.1312,282.6235, 172.8448, 195.4403, 164.0889
13000.0000,33.9006,278.0125, 173.1104, 195.1531, 164.4921
13100.0000,33.6881,273.7623, 173.3501, 194.7290, 164.8901
13200.0000,33.7143,274.2851, 173.5830, 194.4853, 165.2831
13300.0000,33.7821,275.6429, 173.8238, 194.4240, 165.6709
13400.0000,33.9838,279.6756, 174.0830, 194.6094, 166.0533
13500.0000,34.2316,284.6320, 174.3736, 195.0799, 166.4299
13600.0000,34.2675,285.3497, 174.6839, 195.5349, 166.8006
13700.0000,34.3237,286.4737, 174.9996, 195.9337, 167.1652
13800.0000,34.5143,290.2850, 175.3279, 196.4545, 167.5239
13900.0000,34.7334,294.6688, 175.6810, 197.1670, 167.8771
14000.0000,34.6470,292.9404, 176.0441, 197.7338, 168.2257
14100.0000,34.3071,286.1414, 176.3794, 197.8339, 168.5703
14200.0000,34.1040,282.0793, 176.6787, 197.7053, 168.9120
14300.0000,34.0296,280.5919, 176.9592, 197.6039, 169.2516
14400.0000,33.9914,279.8277, 177.2331, 197.5769, 169.5899
